cluster_size,weight_bound,decay_rate,su3_coefficient,su4_coefficient,su5_coefficient
1,0.223130,1.500,0.245,0.198,0.167
2,0.049787,1.500,0.060,0.039,0.028
3,0.011109,1.500,0.015,0.008,0.005
4,0.002479,1.500,0.004,0.002,0.001
5,0.000553,1.500,0.001,0.000,0.000
6,0.000123,1.500,0.000,0.000,0.000
7,0.000028,1.500,0.000,0.000,0.000
8,0.000006,1.500,0.000,0.000,0.000
9,0.000001,1.500,0.000,0.000,0.000
10,0.000000,1.500,0.000,0.000,0.000

